{
    "Rotation": {
        "Angle": 0.0365515027248859148,
        "Axis": [
            0.116298976132102508,
            -0.984174140256241059,
            -0.133700448022859575
        ]
    },
    "Translation": [
        -84.3396994235986455,
        -16.5340222312741361,
        559.261274317388029
    ]
}
