{
    "Rotation": {
        "Angle": 3.1035, 
        "Axis": [
            0.0014262499694102607, 
            0.9992819785677439, 
            0.037861499187959606
        ]
    }, 
    "Inverse": true, 
    "Target": "world", 
    "Translation": [
        268.411, 
        -18.44789999999999, 
        666.766
    ]
}