{
    "Rotation": {
        "Angle": 3.08225, 
        "Axis": [
            0.0022767507419065277, 
            0.9999953258604675, 
            -0.002040750665003121
        ]
    }, 
    "Inverse": true, 
    "Target": "world", 
    "Translation": [
        387.8790000000002, 
        65.44390000000001, 
        670.1910000000003
    ]
}