{
    "Rotation": {
        "Angle": 3.13819, 
        "Axis": [
            0.002023779024325415, 
            0.9999835179026549, 
            0.0053729174096880895
        ]
    }, 
    "Inverse": true, 
    "Target": "world", 
    "Translation": [
        313.61800000000005, 
        118.117, 
        670.904
    ]
}