{
    "Rotation": {
        "Angle": 3.1897, 
        "Axis": [
            0.0026674689822725954, 
            0.9994366186819409, 
            0.03345638723528395
        ]
    }, 
    "Inverse": true, 
    "Target": "world", 
    "Translation": [
        363.33000000000015, 
        -20.608299999999986, 
        607.9479999999999
    ]
}