{
    "Rotation": {
        "Angle": 3.09177, 
        "Axis": [
            0.002982210952519796, 
            0.999486319236494, 
            -0.031909310191851684
        ]
    }, 
    "Inverse": true, 
    "Target": "world", 
    "Translation": [
        338.8790000000001, 
        -80.9808, 
        595.9590000000001
    ]
}