{
    "Rotation": {
        "Angle": 3.2674099999999995, 
        "Axis": [
            -0.0010088397564585762, 
            0.9991437587991595, 
            -0.04136099001514507
        ]
    }, 
    "Inverse": true, 
    "Target": "world", 
    "Translation": [
        336.78899999999993, 
        121.76699999999995, 
        621.316
    ]
}