{
    "Rotation": {
        "Angle": 3.16468, 
        "Axis": [
            0.0017851900760842373, 
            0.999902042615513, 
            -0.013882300591659322
        ]
    }, 
    "Inverse": true, 
    "Target": "world", 
    "Translation": [
        431.04, 
        117.55200000000002, 
        617.3940000000001
    ]
}