{
    "Rotation": {
        "Angle": 3.17467, 
        "Axis": [
            0.0020110999087184426, 
            0.9999799546120097, 
            0.0060038197274931695
        ]
    }, 
    "Inverse": true, 
    "Target": "world", 
    "Translation": [
        362.8770000000001, 
        -116.851, 
        574.439
    ]
}