{
    "Rotation": {
        "Angle": 3.21733, 
        "Axis": [
            0.003520079935775255, 
            0.9989279817743113, 
            0.046157299157848615
        ]
    }, 
    "Inverse": true, 
    "Target": "world", 
    "Translation": [
        324.307, 
        -140.39700000000002, 
        709.124
    ]
}