{
    "Rotation": {
        "Angle": 3.104, 
        "Axis": [
            0.002978789258459423, 
            0.9990207513035284, 
            -0.04414368901085921
        ]
    }, 
    "Inverse": true, 
    "Target": "world", 
    "Translation": [
        222.358, 
        39.685399999999994, 
        765.275
    ]
}