{
    "Rotation": {
        "Angle": 3.20932, 
        "Axis": [
            0.001508049738847189, 
            0.9999628268338999, 
            -0.008489448529860654
        ]
    }, 
    "Inverse": true, 
    "Target": "world", 
    "Translation": [
        201.476, 
        -137.68000000000004, 
        675.105
    ]
}