{
    "Rotation": {
        "Angle": 3.21473, 
        "Axis": [
            0.00028473495548405475, 
            0.9991668437882595, 
            -0.04081099361952773
        ]
    }, 
    "Inverse": true, 
    "Target": "world", 
    "Translation": [
        313.63199999999995, 
        -71.9258, 
        656.3399999999999
    ]
}