{
    "Rotation": {
        "Angle": 3.17474, 
        "Axis": [
            0.001966900967835815, 
            0.9999924920576152, 
            0.0033387316428607114
        ]
    }, 
    "Inverse": true, 
    "Target": "world", 
    "Translation": [
        332.71900000000005, 
        7.513130000000003, 
        665.686
    ]
}