{
    "Rotation": {
        "Angle": 3.11869, 
        "Axis": [
            0.002610879102068268, 
            0.9990026564236977, 
            -0.044574384670008446
        ]
    }, 
    "Inverse": true, 
    "Target": "world", 
    "Translation": [
        459.027, 
        68.83170000000001, 
        716.1800000000001
    ]
}