{
    "Rotation": {
        "Angle": 3.2043, 
        "Axis": [
            0.002398900865747558, 
            0.9998223608293064, 
            0.01869470674679657
        ]
    }, 
    "Inverse": true, 
    "Target": "world", 
    "Translation": [
        371.62800000000004, 
        -81.06750000000001, 
        533.4980000000002
    ]
}