{
    "Rotation": {
        "Angle": 3.21614, 
        "Axis": [
            0.0023738203745169275, 
            0.9998671577487328, 
            0.016125502544115437
        ]
    }, 
    "Inverse": true, 
    "Target": "world", 
    "Translation": [
        433.107, 
        -91.79290000000002, 
        698.9610000000001
    ]
}