{
    "Rotation": {
        "Angle": 3.25062, 
        "Axis": [
            0.0031824315231717094, 
            0.9996034784290594, 
            0.027977813390708667
        ]
    }, 
    "Inverse": true, 
    "Target": "world", 
    "Translation": [
        478.44100000000003, 
        -5.306999999999999, 
        591.4660000000001
    ]
}