{
    "Rotation": {
        "Angle": 3.09753, 
        "Axis": [
            0.001213599598904153, 
            0.9990626698088432, 
            0.04327018569916273
        ]
    }, 
    "Inverse": true, 
    "Target": "world", 
    "Translation": [
        309.44500000000005, 
        -123.097, 
        576.391
    ]
}