{
    "Rotation": {
        "Angle": 3.08784, 
        "Axis": [
            0.0033216506319956414, 
            0.9991261900992809, 
            -0.04166320792707263
        ]
    }, 
    "Inverse": true, 
    "Target": "world", 
    "Translation": [
        377.7629999999998, 
        -60.41659999999996, 
        775.45
    ]
}