{
    "Rotation": {
        "Angle": 3.15634, 
        "Axis": [
            0.0018353903441266427, 
            0.999823187461895, 
            -0.01871430350883921
        ]
    }, 
    "Inverse": true, 
    "Target": "world", 
    "Translation": [
        389.82900000000006, 
        48.98950000000001, 
        532.918
    ]
}