{
    "Rotation": {
        "Angle": 3.23402, 
        "Axis": [
            0.0025778309178449204, 
            0.9998213559896222, 
            0.018724606666956675
        ]
    }, 
    "Inverse": true, 
    "Target": "world", 
    "Translation": [
        435.3759999999999, 
        -104.02500000000002, 
        598.1429999999999
    ]
}