{
    "Rotation": {
        "Angle": 3.1881499999999994, 
        "Axis": [
            0.002316180176085282, 
            0.9998110760096389, 
            0.019298901467179892
        ]
    }, 
    "Inverse": true, 
    "Target": "world", 
    "Translation": [
        442.06399999999996, 
        -35.088, 
        586.055
    ]
}