{
    "Rotation": {
        "Angle": 1.57843200738719003,
        "Axis": [
            0.100484337841377822,
            0.153859503976915307,
            -0.982970066118270758
        ]
    },
    "Translation": [
        -110.034272225575194,
        64.063019996795731,
        827.830584666426375
    ]
}