{
        "Rotation": {
                "Angle": 3.14030324623161139,
                "Axis": [
                        -0.00039291128574327097,
                        0.999999208613938317,
                        0.00119515363808774086
                ]
        },
        "Translation": [
                397.872198705457322,
                1.69229026698228524,
                104.965368417768715
        ]
}
