{
        "Rotation": {
                "Angle": 3.14028143106379121,
                "Axis": [
                        -0.000448403839956224091,
                        0.999999017874817708,
                        0.00132784916176849647
                ]
        },
        "Translation": [
                396.16447990247309,
                -1.67327221299398921,
                104.593207495047665
        ]
}
