{
        "Rotation": {
                "Angle": 1.57200625686064011,
                "Axis": [
                        -0.00400512930347594106,
                        0.000226979486873056692,
                        0.999991953677415779
                ]
        },
        "Translation": [
                55.1520513584800511,
                51.4471435873586245,
                -51.0878018549032547
        ]
}
