{
        "Rotation": {
                "Angle": 1.57219864118539565,
                "Axis": [
                        -0.00358997776070556001,
                        -2.88530756537809318e-05,
                        0.999993555592823768
                ]
        },
        "Translation": [
                51.6786492887563966,
                50.1294638728940569,
                -51.2088941995338729
        ]
}
